what,kind,bundleId,bundleVersion,description,time
stopped,bundle,org.eclipse.gmf.bridge,1.1.0.v20090528-1000,"org.eclipse.gmf.bridge",1491264119283
stopped,bundle,org.eclipse.gmf.graphdef.codegen,2.0.100.v20090520-1343,"org.eclipse.gmf.graphdef.codegen",1491264119283
stopped,bundle,org.eclipse.gmf.map.edit,2.2.0.v20090114-1925,"org.eclipse.gmf.map.edit",1491264119283
stopped,bundle,org.eclipse.gmf.graphdef.edit,2.0.200.v20090216-1925,"org.eclipse.gmf.graphdef.edit",1491264119283
stopped,bundle,org.eclipse.gmf.map,2.2.0.v20090520-1343,"org.eclipse.gmf.map",1491264119283
stopped,bundle,org.eclipse.gmf.tooldef.edit,2.0.100.v20090114-0940,"org.eclipse.gmf.tooldef.edit",1491264119283
stopped,bundle,org.eclipse.gmf.tooldef,2.0.0.v20090114-0940,"org.eclipse.gmf.tooldef",1491264119298
stopped,bundle,org.eclipse.gmf.codegen.edit,2.2.0.v20090416-1925,"org.eclipse.gmf.codegen.edit",1491264119298
stopped,bundle,org.eclipse.uml2.diagram.def,0.9.0.v200906190654,"org.eclipse.uml2.diagram.def",1491264119298
stopped,bundle,org.eclipse.gmf.codegen,2.2.1.v20090812-1620,"org.eclipse.gmf.codegen",1491264119298
stopped,bundle,org.eclipse.gmf.common,1.1.100.v20090420-1925,"org.eclipse.gmf.common",1491264119298
activated,perspective,org.eclipse.jdt.ui,,"org.eclipse.jdt.ui.JavaPerspective",1492196494720
started,bundle,org.eclipse.osgi,3.5.0.v20090520,"org.eclipse.osgi",1492196494768
started,bundle,org.eclipse.equinox.simpleconfigurator,1.0.100.v20090520-1905,"org.eclipse.equinox.simpleconfigurator",1492196494769
started,bundle,com.ibm.icu,4.0.1.v20090415,"com.ibm.icu",1492196494770
started,bundle,org.eclipse.compare.core,3.5.0.I20090430-0408,"org.eclipse.compare.core",1492196494770
started,bundle,org.eclipse.core.contenttype,3.4.0.v20090429-1800,"org.eclipse.core.contenttype",1492196494771
started,bundle,org.eclipse.core.databinding.observable,1.2.0.I20090604-2000,"org.eclipse.core.databinding.observable",1492196494772
started,bundle,org.eclipse.core.expressions,3.4.100.v20090429-1800,"org.eclipse.core.expressions",1492196494772
started,bundle,org.eclipse.core.filebuffers,3.5.0.v20090526-2000,"org.eclipse.core.filebuffers",1492196494772
started,bundle,org.eclipse.core.filesystem,1.2.0.v20090507,"org.eclipse.core.filesystem",1492196494773
started,bundle,org.eclipse.core.jobs,3.4.100.v20090429-1800,"org.eclipse.core.jobs",1492196494883
started,bundle,org.eclipse.core.net,1.2.0.I20090522-1010,"org.eclipse.core.net",1492196494884
started,bundle,org.eclipse.core.resources,3.5.0.v20090512,"org.eclipse.core.resources",1492196495001
started,bundle,org.eclipse.core.runtime,3.5.0.v20090525,"org.eclipse.core.runtime",1492196495028
started,bundle,org.eclipse.core.runtime.compatibility,3.2.0.v20090413,"org.eclipse.core.runtime.compatibility",1492196495064
started,bundle,org.eclipse.core.runtime.compatibility.auth,3.2.100.v20090413,"org.eclipse.core.runtime.compatibility.auth",1492196495065
started,bundle,org.eclipse.core.variables,3.2.200.v20090521,"org.eclipse.core.variables",1492196495066
started,bundle,org.eclipse.debug.core,3.5.0.v20090526-1600,"org.eclipse.debug.core",1492196495067
started,bundle,org.eclipse.ecf,3.0.0.v20090604-1131,"org.eclipse.ecf",1492196495068
started,bundle,org.eclipse.ecf.filetransfer,3.0.0.v20090604-1131,"org.eclipse.ecf.filetransfer",1492196495069
started,bundle,org.eclipse.ecf.identity,3.0.0.v20090604-1131,"org.eclipse.ecf.identity",1492196495070
started,bundle,org.eclipse.ecf.provider.filetransfer,3.0.0.v20090604-1131,"org.eclipse.ecf.provider.filetransfer",1492196495155
started,bundle,org.eclipse.ecf.provider.filetransfer.httpclient,3.0.0.v20090604-1131,"org.eclipse.ecf.provider.filetransfer.httpclient",1492196495156
started,bundle,org.eclipse.equinox.app,1.2.0.v20090520-1800,"org.eclipse.equinox.app",1492196495157
started,bundle,org.eclipse.equinox.common,3.5.0.v20090520-1800,"org.eclipse.equinox.common",1492196495158
started,bundle,org.eclipse.equinox.ds,1.1.0.v20090601,"org.eclipse.equinox.ds",1492196495158
started,bundle,org.eclipse.equinox.frameworkadmin,1.0.100.v20090520-1905,"org.eclipse.equinox.frameworkadmin",1492196495159
started,bundle,org.eclipse.equinox.frameworkadmin.equinox,1.0.100.v20090520-1905,"org.eclipse.equinox.frameworkadmin.equinox",1492196495160
started,bundle,org.eclipse.equinox.p2.core,1.0.100.v20090520-1905,"org.eclipse.equinox.p2.core",1492196495161
started,bundle,org.eclipse.equinox.p2.director,1.0.100.v20090520-1905,"org.eclipse.equinox.p2.director",1492196495161
started,bundle,org.eclipse.equinox.p2.directorywatcher,1.0.100.v20090525,"org.eclipse.equinox.p2.directorywatcher",1492196495162
started,bundle,org.eclipse.equinox.p2.engine,1.0.100.v20090525,"org.eclipse.equinox.p2.engine",1492196495162
started,bundle,org.eclipse.equinox.p2.exemplarysetup,1.0.100.v20090520-1905,"org.eclipse.equinox.p2.exemplarysetup",1492196495163
started,bundle,org.eclipse.equinox.p2.garbagecollector,1.0.100.v20090520-1905,"org.eclipse.equinox.p2.garbagecollector",1492196495163
started,bundle,org.eclipse.equinox.p2.metadata.repository,1.0.100.v20090525,"org.eclipse.equinox.p2.metadata.repository",1492196495164
started,bundle,org.eclipse.equinox.p2.reconciler.dropins,1.0.100.v20090520-1905,"org.eclipse.equinox.p2.reconciler.dropins",1492196495165
started,bundle,org.eclipse.equinox.p2.repository,1.0.0.v20090601-1921,"org.eclipse.equinox.p2.repository",1492196495165
started,bundle,org.eclipse.equinox.p2.ui.sdk.scheduler,1.0.0.v20090520-1905,"org.eclipse.equinox.p2.ui.sdk.scheduler",1492196495165
started,bundle,org.eclipse.equinox.p2.updatechecker,1.1.0.v20090520-1905,"org.eclipse.equinox.p2.updatechecker",1492196495166
started,bundle,org.eclipse.equinox.preferences,3.2.300.v20090520-1800,"org.eclipse.equinox.preferences",1492196495167
started,bundle,org.eclipse.equinox.registry,3.4.100.v20090520-1800,"org.eclipse.equinox.registry",1492196495167
started,bundle,org.eclipse.equinox.security,1.0.100.v20090520-1800,"org.eclipse.equinox.security",1492196495250
started,bundle,org.eclipse.equinox.simpleconfigurator.manipulator,1.0.100.v20090520-1905,"org.eclipse.equinox.simpleconfigurator.manipulator",1492196495251
started,bundle,org.eclipse.equinox.util,1.0.100.v20090520-1800,"org.eclipse.equinox.util",1492196495252
started,bundle,org.eclipse.help,3.4.0.v20090526,"org.eclipse.help",1492196495252
started,bundle,org.eclipse.jdt.apt.core,3.3.200.v20090528-1135,"org.eclipse.jdt.apt.core",1492196495253
started,bundle,org.eclipse.jdt.apt.pluggable.core,1.0.200.v20090526-2130,"org.eclipse.jdt.apt.pluggable.core",1492196495254
started,bundle,org.eclipse.jdt.core,3.5.0.v_963,"org.eclipse.jdt.core",1492196495255
started,bundle,org.eclipse.jdt.core.manipulation,1.3.0.v20090603,"org.eclipse.jdt.core.manipulation",1492196495255
started,bundle,org.eclipse.jdt.launching,3.5.0.v20090527,"org.eclipse.jdt.launching",1492196495256
started,bundle,org.eclipse.jdt.ui,3.5.0.v20090604,"org.eclipse.jdt.ui",1492196495256
started,bundle,org.eclipse.jet.ui,1.0.0.v200906120900,"org.eclipse.jet.ui",1492196495257
started,bundle,org.eclipse.jface,3.5.0.I20090525-2000,"org.eclipse.jface",1492196495257
started,bundle,org.eclipse.jsch.core,1.1.100.I20090430-0408,"org.eclipse.jsch.core",1492196495258
started,bundle,org.eclipse.ltk.core.refactoring,3.5.0.v20090513-2000,"org.eclipse.ltk.core.refactoring",1492196495258
started,bundle,org.eclipse.ltk.ui.refactoring,3.4.100.v20090604,"org.eclipse.ltk.ui.refactoring",1492196495259
started,bundle,org.eclipse.mylyn.commons.net,3.2.0.v20090617-0100-e3x,"org.eclipse.mylyn.commons.net",1492196495259
started,bundle,org.eclipse.pde.ui,3.5.0.v20090528,"org.eclipse.pde.ui",1492196495352
started,bundle,org.eclipse.team.core,3.5.0.I20090527-0620,"org.eclipse.team.core",1492196495353
started,bundle,org.eclipse.team.cvs.core,3.3.200.I20090430-0408,"org.eclipse.team.cvs.core",1492196495354
started,bundle,org.eclipse.team.ui,3.5.0.I20090430-0408,"org.eclipse.team.ui",1492196495355
started,bundle,org.eclipse.ui,3.5.0.I20090604-2000,"org.eclipse.ui",1492196495356
started,bundle,org.eclipse.ui.console,3.4.0.v20090513,"org.eclipse.ui.console",1492196495357
started,bundle,org.eclipse.ui.editors,3.5.0.v20090527-2000,"org.eclipse.ui.editors",1492196495357
started,bundle,org.eclipse.ui.ide,3.5.0.I20090525-2000,"org.eclipse.ui.ide",1492196495373
started,bundle,org.eclipse.ui.net,1.2.0.I20090430-0408,"org.eclipse.ui.net",1492196495374
started,bundle,org.eclipse.ui.views,3.4.0.I20090525-2000,"org.eclipse.ui.views",1492196495374
started,bundle,org.eclipse.ui.views.log,1.0.100.v20090527,"org.eclipse.ui.views.log",1492196495375
started,bundle,org.eclipse.ui.workbench,3.5.0.I20090603-2000,"org.eclipse.ui.workbench",1492196495376
started,bundle,org.eclipse.ui.workbench.texteditor,3.5.0.v20090603,"org.eclipse.ui.workbench.texteditor",1492196495377
started,bundle,org.eclipse.update.configurator,3.3.0.v20090312,"org.eclipse.update.configurator",1492196495377
started,bundle,org.eclipse.update.core,3.2.300.v20090525,"org.eclipse.update.core",1492196495456
started,bundle,org.eclipse.update.scheduler,3.2.200.v20081127,"org.eclipse.update.scheduler",1492196495456
started,bundle,org.eclipse.epp.usagedata.gathering,1.1.1.R201001291118,"org.eclipse.epp.usagedata.gathering",1492196495457
started,bundle,org.eclipse.epp.usagedata.recording,1.1.1.R201001291118,"org.eclipse.epp.usagedata.recording",1492196495457
started,bundle,org.eclipse.m2m.atl.adt.ui,3.0.2.v201001190421,"org.eclipse.m2m.atl.adt.ui",1492196495457
started,bundle,org.eclipse.mylyn.commons.ui,3.2.3.v20100217-0100-e3x,"org.eclipse.mylyn.commons.ui",1492196495458
os,sysinfo,,,"win32",1492196495509
arch,sysinfo,,,"x86",1492196495509
ws,sysinfo,,,"win32",1492196495509
locale,sysinfo,,,"es_ES",1492196495509
processors,sysinfo,,,"4",1492196495509
java.runtime.name,sysinfo,,,"Java(TM) SE Runtime Environment",1492196495509
java.runtime.version,sysinfo,,,"1.8.0_121-b13",1492196495509
java.specification.name,sysinfo,,,"Java Platform API Specification",1492196495509
java.specification.vendor,sysinfo,,,"Oracle Corporation",1492196495509
java.specification.version,sysinfo,,,"1.8",1492196495509
java.vendor,sysinfo,,,"Oracle Corporation",1492196495509
java.version,sysinfo,,,"1.8.0_121",1492196495509
java.vm.info,sysinfo,,,"mixed mode",1492196495509
java.vm.name,sysinfo,,,"Java HotSpot(TM) Client VM",1492196495509
java.vm.specification.name,sysinfo,,,"Java Virtual Machine Specification",1492196495509
java.vm.specification.vendor,sysinfo,,,"Oracle Corporation",1492196495509
java.vm.specification.version,sysinfo,,,"1.8",1492196495509
java.vm.vendor,sysinfo,,,"Oracle Corporation",1492196495509
java.vm.version,sysinfo,,,"25.121-b13",1492196495509
started,bundle,org.eclipse.mylyn.bugzilla.core,3.2.3.v20100217-0100-e3x,"org.eclipse.mylyn.bugzilla.core",1492196495963
started,bundle,org.eclipse.team.cvs.ui,3.3.200.I20090521-1750,"org.eclipse.team.cvs.ui",1492196496152
started,bundle,org.eclipse.mylyn.bugzilla.ui,3.2.3.v20100217-0100-e3x,"org.eclipse.mylyn.bugzilla.ui",1492196496156
started,bundle,org.eclipse.emf.mint,0.8.0.v200906161513,"org.eclipse.emf.mint",1492196496375
started,bundle,org.eclipse.emf.mint.ui,0.8.0.v200906161513,"org.eclipse.emf.mint.ui",1492196496376
started,bundle,org.eclipse.ui.forms,3.4.0.v20090526,"org.eclipse.ui.forms",1492196496412
started,bundle,org.eclipse.mylyn.context.core,3.2.3.v20100217-0100-e3x,"org.eclipse.mylyn.context.core",1492196496510
started,bundle,org.eclipse.mylyn.context.ui,3.2.3.v20100217-0100-e3x,"org.eclipse.mylyn.context.ui",1492196496556
started,bundle,org.eclipse.epp.usagedata.ui,1.1.1.R201001291118,"org.eclipse.epp.usagedata.ui",1492196496599
started,bundle,org.eclipse.mylyn.tasks.ui,3.2.3.v20100217-0100-e3x,"org.eclipse.mylyn.tasks.ui",1492196496892
started,bundle,org.eclipse.mylyn.team.ui,3.2.3.v20100217-0100-e3x,"org.eclipse.mylyn.team.ui",1492196496933
started,bundle,org.eclipse.uml2.diagram.common,0.9.0.v200906190654,"org.eclipse.uml2.diagram.common",1492196497071
started,bundle,org.eclipse.emf.common,2.5.0.v200906151043,"org.eclipse.emf.common",1492196497178
started,bundle,org.eclipse.emf.ecore,2.5.0.v200906151043,"org.eclipse.emf.ecore",1492196497446
started,bundle,org.eclipse.uml2.uml,3.0.1.v200908281330,"org.eclipse.uml2.uml",1492196497589
deactivated,workbench,org.eclipse.ui.workbench,3.5.0.I20090603-2000,"",1492196497806
started,bundle,org.eclipse.emf.ecore.xmi,2.5.0.v200906151043,"org.eclipse.emf.ecore.xmi",1492196498336
started,bundle,org.eclipse.mylyn.monitor.ui,3.2.3.v20100217-0100-e3x,"org.eclipse.mylyn.monitor.ui",1492196498677
started,bundle,org.eclipse.emf.validation,1.3.0.v200901271722,"org.eclipse.emf.validation",1492196499036
started,bundle,org.eclipse.emf.mapping.ecore2xml,2.5.0.v200906151043,"org.eclipse.emf.mapping.ecore2xml",1492196499332
started,bundle,org.eclipse.xtend.typesystem.uml2.ui,0.7.2.v200908120436,"org.eclipse.xtend.typesystem.uml2.ui",1492196499337
started,bundle,org.eclipse.xsd,2.5.0.v200906151043,"org.eclipse.xsd",1492196499382
started,bundle,org.eclipse.xtend.typesystem.xsd.ui,0.7.2.v200908120436,"org.eclipse.xtend.typesystem.xsd.ui",1492196499389
started,bundle,org.eclipse.xtend.shared.ui,0.7.2.v200908120436,"org.eclipse.xtend.shared.ui",1492196499392
started,bundle,org.eclipse.xtend.typesystem.emf.ui,0.7.2.v200908120436,"org.eclipse.xtend.typesystem.emf.ui",1492196499392
activated,workbench,org.eclipse.ui.workbench,3.5.0.I20090603-2000,"",1492196510061
activated,view,org.eclipse.jdt.ui,3.5.0.v20090604,"org.eclipse.jdt.ui.PackageExplorer",1492196511731
started,bundle,org.eclipse.gmf.xpand.migration,1.0.0.v20090608-0720,"org.eclipse.gmf.xpand.migration",1492196511885
started,bundle,org.eclipse.gef,3.5.1.v20090910-2020,"org.eclipse.gef",1492196521843
started,bundle,org.eclipse.ui.views.properties.tabbed,3.5.0.I20090429-1800,"org.eclipse.ui.views.properties.tabbed",1492196521845
started,bundle,org.eclipse.gmf.runtime.diagram.core,1.3.0.v20100113-1121,"org.eclipse.gmf.runtime.diagram.core",1492196521888
started,bundle,org.eclipse.emf.transaction,1.3.0.v200902010221,"org.eclipse.emf.transaction",1492196521892
started,bundle,org.eclipse.gmf.runtime.diagram.ui,1.3.0.v20100209-2200,"org.eclipse.gmf.runtime.diagram.ui",1492196521895
started,bundle,org.eclipse.gmf.runtime.diagram.ui.resources.editor,1.3.0.v20100113-1121,"org.eclipse.gmf.runtime.diagram.ui.resources.editor",1492196521896
started,bundle,utn.frsf.cidisi.idemia,1.0.0,"utn.frsf.cidisi.idemia",1492196521971
started,bundle,org.eclipse.emf.edit,2.5.0.v200906151043,"org.eclipse.emf.edit",1492196521972
started,bundle,utn.frsf.cidisi.idemia.edit,1.0.0,"utn.frsf.cidisi.idemia.edit",1492196521973
started,bundle,utn.frsf.cidisi.idemia.diagram,1.0.0.201011251812,"utn.frsf.cidisi.idemia.diagram",1492196521997
started,bundle,org.eclipse.gmf.runtime.common.core,1.2.0.v20090403-1720,"org.eclipse.gmf.runtime.common.core",1492196522025
started,bundle,org.eclipse.gmf.runtime.common.ui,1.2.1.v20090729-2029,"org.eclipse.gmf.runtime.common.ui",1492196522027
started,bundle,org.eclipse.gmf.runtime.notation,1.2.0.v20091021-2333,"org.eclipse.gmf.runtime.notation",1492196522072
started,bundle,org.eclipse.gmf.runtime.gef.ui,1.2.0.v20090520-1343,"org.eclipse.gmf.runtime.gef.ui",1492196522136
started,bundle,org.eclipse.draw2d,3.5.2.v20091126-1908,"org.eclipse.draw2d",1492196522194
started,bundle,org.eclipse.gmf.runtime.common.ui.services.action,1.3.0.v20091021-2333,"org.eclipse.gmf.runtime.common.ui.services.action",1492196522243
started,bundle,org.eclipse.gmf.runtime.common.ui.services,1.3.0.v20091126-1420,"org.eclipse.gmf.runtime.common.ui.services",1492196522341
started,bundle,org.eclipse.gmf.runtime.diagram.ui.providers,1.3.0.v20091126-1420,"org.eclipse.gmf.runtime.diagram.ui.providers",1492196522406
started,bundle,org.eclipse.gmf.runtime.diagram.ui.actions,1.3.0.v20100209-2200,"org.eclipse.gmf.runtime.diagram.ui.actions",1492196522448
started,bundle,org.eclipse.gmf.runtime.common.ui.action,1.2.0.v20090403-1720,"org.eclipse.gmf.runtime.common.ui.action",1492196522463
started,bundle,org.eclipse.gmf.runtime.emf.core,1.2.2.v20091126-1420,"org.eclipse.gmf.runtime.emf.core",1492196522554
started,bundle,org.eclipse.gmf.runtime.diagram.ui.providers.ide,1.2.0.v20090403-1720,"org.eclipse.gmf.runtime.diagram.ui.providers.ide",1492196522726
started,bundle,org.eclipse.emf.ecoretools.filters,0.8.0.v200906221231,"org.eclipse.emf.ecoretools.filters",1492196522744
started,bundle,org.eclipse.gmf.runtime.common.ui.action.ide,1.2.0.v20090403-1720,"org.eclipse.gmf.runtime.common.ui.action.ide",1492196522756
started,bundle,org.eclipse.emf.workspace,1.3.0.v200902100422,"org.eclipse.emf.workspace",1492196522791
started,bundle,org.eclipse.emf.ecore.change,2.5.0.v200906151043,"org.eclipse.emf.ecore.change",1492196522848
started,bundle,org.eclipse.gmf.runtime.emf.commands.core,1.2.0.v20090403-1720,"org.eclipse.gmf.runtime.emf.commands.core",1492196523121
started,bundle,org.eclipse.gmf.runtime.emf.type.core,1.2.0.v20090403-1720,"org.eclipse.gmf.runtime.emf.type.core",1492196523453
started,bundle,org.eclipse.emf.common.ui,2.5.0.v200906151043,"org.eclipse.emf.common.ui",1492196523497
started,bundle,org.eclipse.emf.edit.ui,2.5.0.v200906151043,"org.eclipse.emf.edit.ui",1492196523498
started,bundle,org.eclipse.gmf.runtime.diagram.ui.render,1.3.0.v20091126-1420,"org.eclipse.gmf.runtime.diagram.ui.render",1492196523939
started,bundle,org.eclipse.gmf.runtime.draw2d.ui,1.3.0.v20100209-2200,"org.eclipse.gmf.runtime.draw2d.ui",1492196523957
started,bundle,org.eclipse.gmf.runtime.draw2d.ui.render,1.3.0.v20100113-1121,"org.eclipse.gmf.runtime.draw2d.ui.render",1492196524063
started,bundle,org.eclipse.emf.ecore.edit,2.5.0.v200906151043,"org.eclipse.emf.ecore.edit",1492196524327
started,bundle,org.eclipse.gmf.ecore.editor,2.1.0.v20090529-1925,"org.eclipse.gmf.ecore.editor",1492196524330
started,bundle,org.eclipse.emf.ecoretools.diagram,0.9.0.v200906221231,"org.eclipse.emf.ecoretools.diagram",1492196524395
started,bundle,org.eclipse.uml2.uml.edit,3.0.0.v200905041045,"org.eclipse.uml2.uml.edit",1492196524508
started,bundle,org.eclipse.uml2.common.edit,1.5.0.v200905041045,"org.eclipse.uml2.common.edit",1492196524538
started,bundle,org.eclipse.uml2.diagram.clazz,0.9.0.v200906190654,"org.eclipse.uml2.diagram.clazz",1492196524763
started,bundle,org.eclipse.uml2.diagram.component,0.9.0.v200906190654,"org.eclipse.uml2.diagram.component",1492196524866
started,bundle,org.eclipse.uml2.diagram.deploy,0.9.0.v200906190654,"org.eclipse.uml2.diagram.deploy",1492196524916
started,bundle,org.eclipse.uml2.diagram.profile,0.9.0.v200906190654,"org.eclipse.uml2.diagram.profile",1492196524946
started,bundle,org.eclipse.uml2.diagram.sequence,0.9.0.v200906190654,"org.eclipse.uml2.diagram.sequence",1492196525041
started,bundle,org.eclipse.uml2.diagram.usecase,0.9.0.v200906190654,"org.eclipse.uml2.diagram.usecase",1492196525076
started,bundle,org.pnml.tools.epnk,0.9.1.201101281458,"org.pnml.tools.epnk",1492196525157
started,bundle,org.pnml.tools.epnk.edit,0.9.0.201101281458,"org.pnml.tools.epnk.edit",1492196525193
started,bundle,org.pnml.tools.epnk.diagram,0.9.1.201101281458,"org.pnml.tools.epnk.diagram",1492196525196
started,bundle,org.eclipse.uml2.diagram.activity,0.9.0.v200906190654,"org.eclipse.uml2.diagram.activity",1492196525426
started,bundle,org.eclipse.uml2.diagram.csd,0.9.0.v200906190654,"org.eclipse.uml2.diagram.csd",1492196525462
started,bundle,org.eclipse.uml2.diagram.statemachine,0.9.0.v200906190654,"org.eclipse.uml2.diagram.statemachine",1492196525486
started,bundle,org.eclipse.gmf.runtime.emf.ui,1.2.0.v20090403-1720,"org.eclipse.gmf.runtime.emf.ui",1492196525525
started,bundle,org.eclipse.uml2.diagram.parser,0.9.0.v200906190654,"org.eclipse.uml2.diagram.parser",1492196525656
started,bundle,org.eclipse.ocl,1.3.0.v200905271400,"org.eclipse.ocl",1492196525794
started,bundle,org.eclipse.ocl.ecore,1.3.0.v200905271400,"org.eclipse.ocl.ecore",1492196525820
started,bundle,org.eclipse.gmf.runtime.notation.edit,1.2.0.v20091021-2333,"org.eclipse.gmf.runtime.notation.edit",1492196526355
opened,editor,utn.frsf.cidisi.idemia.diagram,1.0.0.201011251812,"utn.frsf.cidisi.idemia.diagram.part.IdemiaDiagramEditorID",1492196526822
started,bundle,org.eclipse.gmf.runtime.emf.type.ui,1.2.0.v20090403-1720,"org.eclipse.gmf.runtime.emf.type.ui",1492196527049
activated,editor,utn.frsf.cidisi.idemia.diagram,1.0.0.201011251812,"utn.frsf.cidisi.idemia.diagram.part.IdemiaDiagramEditorID",1492196527156
deactivated,workbench,org.eclipse.ui.workbench,3.5.0.I20090603-2000,"",1492196543406
activated,workbench,org.eclipse.ui.workbench,3.5.0.I20090603-2000,"",1492196544282
deactivated,workbench,org.eclipse.ui.workbench,3.5.0.I20090603-2000,"",1492196545246
activated,workbench,org.eclipse.ui.workbench,3.5.0.I20090603-2000,"",1492196630091
deactivated,workbench,org.eclipse.ui.workbench,3.5.0.I20090603-2000,"",1492196637165
activated,workbench,org.eclipse.ui.workbench,3.5.0.I20090603-2000,"",1492196668523
deactivated,workbench,org.eclipse.ui.workbench,3.5.0.I20090603-2000,"",1492196674532
activated,workbench,org.eclipse.ui.workbench,3.5.0.I20090603-2000,"",1492196675488
deactivated,workbench,org.eclipse.ui.workbench,3.5.0.I20090603-2000,"",1492196676245
activated,workbench,org.eclipse.ui.workbench,3.5.0.I20090603-2000,"",1492196677275
deactivated,workbench,org.eclipse.ui.workbench,3.5.0.I20090603-2000,"",1492196678284
activated,workbench,org.eclipse.ui.workbench,3.5.0.I20090603-2000,"",1492196688485
activated,view,org.eclipse.jdt.ui,3.5.0.v20090604,"org.eclipse.jdt.ui.PackageExplorer",1492196688526
opened,editor,org.eclipse.ui.editors,3.5.0.v20090527-2000,"org.eclipse.ui.DefaultTextEditor",1492196690147
activated,editor,org.eclipse.ui.editors,3.5.0.v20090527-2000,"org.eclipse.ui.DefaultTextEditor",1492196690288
activated,editor,utn.frsf.cidisi.idemia.diagram,1.0.0.201011251812,"utn.frsf.cidisi.idemia.diagram.part.IdemiaDiagramEditorID",1492196695818
closed,editor,org.eclipse.ui.editors,3.5.0.v20090527-2000,"org.eclipse.ui.DefaultTextEditor",1492196695842
deactivated,workbench,org.eclipse.ui.workbench,3.5.0.I20090603-2000,"",1492196711461
activated,workbench,org.eclipse.ui.workbench,3.5.0.I20090603-2000,"",1492196730985
activated,view,org.eclipse.ui.views,3.4.0.I20090525-2000,"org.eclipse.ui.views.ContentOutline",1492196738385
deactivated,workbench,org.eclipse.ui.workbench,3.5.0.I20090603-2000,"",1492196743571
activated,workbench,org.eclipse.ui.workbench,3.5.0.I20090603-2000,"",1492196819076
deactivated,workbench,org.eclipse.ui.workbench,3.5.0.I20090603-2000,"",1492196819683
activated,workbench,org.eclipse.ui.workbench,3.5.0.I20090603-2000,"",1492196820277
activated,editor,utn.frsf.cidisi.idemia.diagram,1.0.0.201011251812,"utn.frsf.cidisi.idemia.diagram.part.IdemiaDiagramEditorID",1492196831189
deactivated,workbench,org.eclipse.ui.workbench,3.5.0.I20090603-2000,"",1492196835099
activated,workbench,org.eclipse.ui.workbench,3.5.0.I20090603-2000,"",1492196970400
deactivated,workbench,org.eclipse.ui.workbench,3.5.0.I20090603-2000,"",1492196970946
activated,workbench,org.eclipse.ui.workbench,3.5.0.I20090603-2000,"",1492198141641
started,bundle,org.eclipse.gmf.runtime.draw2d.ui.render.awt,1.3.0.v20100113-1121,"org.eclipse.gmf.runtime.draw2d.ui.render.awt",1492198154225
started,bundle,org.eclipse.gmf.runtime.emf.clipboard.core,1.3.0.v20100113-1121,"org.eclipse.gmf.runtime.emf.clipboard.core",1492198155036
executed,command,org.eclipse.ui,3.5.0.I20090604-2000,"org.eclipse.ui.edit.copy",1492198155585
deactivated,workbench,org.eclipse.ui.workbench,3.5.0.I20090603-2000,"",1492198161182
activated,workbench,org.eclipse.ui.workbench,3.5.0.I20090603-2000,"",1492198255409
no handler,command,org.eclipse.ui,3.5.0.I20090604-2000,"org.eclipse.ui.edit.text.contentAssist.proposals",1492198262246
no handler,command,org.eclipse.ui,3.5.0.I20090604-2000,"org.eclipse.ui.edit.text.contentAssist.proposals",1492198264553
activated,view,org.eclipse.jdt.ui,3.5.0.v20090604,"org.eclipse.jdt.ui.PackageExplorer",1492198272688
deactivated,workbench,org.eclipse.ui.workbench,3.5.0.I20090603-2000,"",1492198328302
activated,workbench,org.eclipse.ui.workbench,3.5.0.I20090603-2000,"",1492198653053
deactivated,workbench,org.eclipse.ui.workbench,3.5.0.I20090603-2000,"",1492198654347
activated,workbench,org.eclipse.ui.workbench,3.5.0.I20090603-2000,"",1492199302956
deactivated,workbench,org.eclipse.ui.workbench,3.5.0.I20090603-2000,"",1492199305400
activated,workbench,org.eclipse.ui.workbench,3.5.0.I20090603-2000,"",1492199323493
deactivated,workbench,org.eclipse.ui.workbench,3.5.0.I20090603-2000,"",1492199324807
activated,workbench,org.eclipse.ui.workbench,3.5.0.I20090603-2000,"",1492199325922
deactivated,workbench,org.eclipse.ui.workbench,3.5.0.I20090603-2000,"",1492199326395
activated,workbench,org.eclipse.ui.workbench,3.5.0.I20090603-2000,"",1492199395808
deactivated,workbench,org.eclipse.ui.workbench,3.5.0.I20090603-2000,"",1492199402645
activated,workbench,org.eclipse.ui.workbench,3.5.0.I20090603-2000,"",1492199404229
deactivated,workbench,org.eclipse.ui.workbench,3.5.0.I20090603-2000,"",1492199405618
activated,workbench,org.eclipse.ui.workbench,3.5.0.I20090603-2000,"",1492199407651
deactivated,workbench,org.eclipse.ui.workbench,3.5.0.I20090603-2000,"",1492199416885
activated,workbench,org.eclipse.ui.workbench,3.5.0.I20090603-2000,"",1492199464158
started,bundle,org.eclipse.compare,3.5.0.I20090514-0808,"org.eclipse.compare",1492199470089
deactivated,workbench,org.eclipse.ui.workbench,3.5.0.I20090603-2000,"",1492199476283
no handler,command,org.eclipse.ui,3.5.0.I20090604-2000,"org.eclipse.ui.edit.undo",1492199516631
no handler,command,org.eclipse.ui,3.5.0.I20090604-2000,"org.eclipse.ui.edit.undo",1492199517009
no handler,command,org.eclipse.ui,3.5.0.I20090604-2000,"org.eclipse.ui.edit.undo",1492199517509
no handler,command,org.eclipse.ui,3.5.0.I20090604-2000,"org.eclipse.ui.edit.undo",1492199517872
no handler,command,org.eclipse.ui,3.5.0.I20090604-2000,"org.eclipse.ui.edit.undo",1492199518234
no handler,command,org.eclipse.ui,3.5.0.I20090604-2000,"org.eclipse.ui.edit.undo",1492199518506
no handler,command,org.eclipse.ui,3.5.0.I20090604-2000,"org.eclipse.ui.edit.undo",1492199518745
no handler,command,org.eclipse.ui,3.5.0.I20090604-2000,"org.eclipse.ui.edit.undo",1492199518974
no handler,command,org.eclipse.ui,3.5.0.I20090604-2000,"org.eclipse.ui.edit.undo",1492199519235
no handler,command,org.eclipse.ui,3.5.0.I20090604-2000,"org.eclipse.ui.edit.undo",1492199519496
no handler,command,org.eclipse.ui,3.5.0.I20090604-2000,"org.eclipse.ui.edit.undo",1492199519763
no handler,command,org.eclipse.ui,3.5.0.I20090604-2000,"org.eclipse.ui.edit.undo",1492199520008
no handler,command,org.eclipse.ui,3.5.0.I20090604-2000,"org.eclipse.ui.edit.undo",1492199520231
